Date,InvoNo,CustomerKey,Amount
2018/1/1,JA1803995,A0620,440
2018/1/1,JA1801197,A0786,2112
2018/1/1,JA1805774,A1336,704
2018/1/2,JA1805166,A0544,2200
2018/1/2,JA1804344,A0562,3500
2018/1/2,JA1805726,A0635,6432
2018/1/2,JA1808698,A0983,1056
2018/1/2,JA1807201,A0667,3216
2018/1/2,JA1806384,A0732,2112
2018/1/2,JA1800695,A0843,2772
2018/1/2,JA1800650,A0566,2144
2018/1/2,JA1805069,A1100,12864
2018/1/2,JA1802933,A0764,2376
2018/1/2,JA1802358,A0824,1980
2018/1/2,JA1804872,A1369,990
2018/1/2,JA1808241,A0403,1232
2018/1/2,JA1808305,A1153,1540
2018/1/2,JA1803645,A0371,4200
2018/1/2,JA1804134,A1265,1584
2018/1/2,JA1807207,A1116,1072
2018/1/2,JA1803169,A1014,3216
2018/1/2,JA1806618,A1345,1232
2018/1/2,JA1805224,A0937,440
2018/1/2,JA1808877,A0684,5360
2018/1/2,JA1803143,A1181,704
2018/1/2,JA1804519,A0802,4900
2018/1/2,JA1805359,A0799,3168
2018/1/2,JA1800653,A0408,23760
2018/1/2,JA1808583,A1323,704
2018/1/2,JA1805574,A1055,220
2018/1/2,JA1808003,A0880,7000
2018/1/2,JA1800463,A0887,880
2018/1/2,JA1802973,A1371,440
2018/1/2,JA1805644,A0602,2772
2018/1/2,JA1806733,A1277,6432
2018/1/2,JA1804194,A1089,110
2018/1/2,JA1808424,A0452,1584
2018/1/2,JA1800982,A0743,1072
2018/1/2,JA1803981,A0422,4200
2018/1/3,JA1804028,A1350,2680
2018/1/3,JA1800369,A0424,1400
2018/1/3,JA1807742,A1015,5360
2018/1/3,JA1807009,A0597,4900
2018/1/3,JA1806924,A0777,792
2018/1/3,JA1805463,A0728,4900
2018/1/3,JA1807597,A1101,396
2018/1/3,JA1804867,A0972,880
2018/1/3,JA1800785,A1146,880
2018/1/3,JA1807681,A1360,4224
2018/1/3,JA1805086,A1408,1232
2018/1/3,JA1806249,A0887,1760
2018/1/3,JA1804989,A1142,1760
2018/1/3,JA1800524,A0796,7128
2018/1/3,JA1807380,A0992,2640
2018/1/3,JA1805975,A0963,1320
2018/1/3,JA1809312,A0965,6432
2018/1/3,JA1801617,A0610,1980
2018/1/3,JA1808629,A1002,792
2018/1/3,JA1808145,A0879,1540
2018/1/3,JA1802177,A0731,16800
2018/1/3,JA1806147,A0808,3500
2018/1/3,JA1801416,A0799,440
2018/1/3,JA1809208,A0994,4752
2018/1/3,JA1808935,A0802,440
2018/1/3,JA1804904,A1135,2376
2018/1/3,JA1801655,A1306,792
2018/1/3,JA1804312,A1067,220
2018/1/3,JA1803888,A0542,350
2018/1/3,JA1803502,A0817,1100
2018/1/3,JA1809232,A0375,1072
2018/1/3,JA1805043,A0952,1980
2018/1/4,JA1806944,A1269,352
2018/1/4,JA1809000,A0355,1072
2018/1/4,JA1807651,A1295,7128
2018/1/4,JA1805214,A0938,1320
2018/1/4,JA1807123,A1031,3752
2018/1/4,JA1800364,A0739,1232
2018/1/4,JA1802484,A0578,1540
2018/1/4,JA1802405,A0690,1232
2018/1/4,JA1805811,A0994,2144
2018/1/4,JA1805605,A0764,990
2018/1/4,JA1807767,A1343,4752
2018/1/4,JA1808311,A0410,1320
2018/1/4,JA1804979,A1055,8800
2018/1/4,JA1803783,A0387,2772
2018/1/4,JA1801653,A0990,440
2018/1/4,JA1801169,A0965,1072
2018/1/4,JA1801927,A1305,8800
2018/1/4,JA1804753,A1337,1980
2018/1/4,JA1805823,A1062,880
2018/1/4,JA1805669,A1085,704
2018/1/4,JA1802270,A1409,5360
2018/1/4,JA1803326,A1353,440
2018/1/4,JA1805110,A1406,3960
2018/1/4,JA1802948,A0513,35000
2018/1/4,JA1802444,A0764,1072
2018/1/4,JA1802386,A1212,1980
2018/1/4,JA1807509,A0408,26800
2018/1/4,JA1804885,A0798,1056
2018/1/4,JA1804764,A0880,1232
2018/1/4,JA1802305,A0978,9504
2018/1/4,JA1806154,A1227,3960
2018/1/4,JA1804251,A0352,792
2018/1/4,JA1800499,A0382,2112
2018/1/4,JA1804113,A0557,396
2018/1/4,JA1805184,A0690,700
2018/1/4,JA1803012,A0412,990
2018/1/4,JA1803303,A0457,1320
2018/1/4,JA1800908,A1167,990
2018/1/5,JA1802797,A0810,3216
2018/1/5,JA1804414,A1375,1760
2018/1/5,JA1801584,A0409,35000
2018/1/5,JA1808100,A0807,2772
2018/1/5,JA1805651,A0736,2640
2018/1/5,JA1804168,A1149,1584
2018/1/5,JA1802778,A0424,1750
2018/1/5,JA1806773,A0696,3216
2018/1/5,JA1805058,A0949,1540
2018/1/5,JA1805688,A0470,700
2018/1/5,JA1804886,A1333,2680
2018/1/5,JA1802375,A0629,352
2018/1/5,JA1807218,A1415,880
2018/1/5,JA1808562,A0387,8400
2018/1/5,JA1802426,A1236,3216
2018/1/5,JA1806279,A0816,7000
2018/1/5,JA1805039,A0387,2112
2018/1/5,JA1807939,A0429,1232
2018/1/5,JA1801710,A1230,2112
2018/1/5,JA1808017,A0824,1056
2018/1/5,JA1802780,A0745,2772
2018/1/5,JA1809030,A0415,4900
2018/1/5,JA1803126,A0745,1320
2018/1/5,JA1805474,A0350,440
2018/1/5,JA1802153,A0534,1540
2018/1/5,JA1800606,A0350,352
2018/1/5,JA1808484,A0881,2376
2018/1/8,JA1809064,A1069,4752
2018/1/8,JA1802522,A1159,1320
2018/1/8,JA1803161,A0552,352
2018/1/8,JA1808380,A0431,352
2018/1/8,JA1808812,A0864,440
2018/1/8,JA1803848,A0404,4900
2018/1/8,JA1803677,A0592,3960
2018/1/8,JA1807730,A1326,4752
2018/1/8,JA1804303,A1301,440
2018/1/8,JA1802101,A0589,550
2018/1/8,JA1805980,A0743,7000
2018/1/8,JA1804924,A1176,3960
2018/1/8,JA1801370,A1316,4752
2018/1/8,JA1809287,A0893,352
2018/1/8,JA1804467,A0744,3216
2018/1/8,JA1806580,A1193,1232
2018/1/8,JA1804368,A0529,1540
2018/1/8,JA1804918,A1338,3960
2018/1/8,JA1808169,A1169,880
2018/1/8,JA1805915,A1311,1400
2018/1/8,JA1807237,A0684,7128
2018/1/8,JA1802100,A0399,536
2018/1/8,JA1806221,A0472,5360
2018/1/8,JA1807944,A0703,4752
2018/1/8,JA1807306,A0542,268
2018/1/8,JA1803479,A0852,550
2018/1/8,JA1803052,A0522,1320
2018/1/8,JA1803900,A1135,2200
2018/1/8,JA1805607,A0710,1072
2018/1/8,JA1800525,A1214,1232
2018/1/8,JA1805217,A1120,396
2018/1/8,JA1807557,A1130,880
2018/1/9,JA1805295,A1285,4200
2018/1/9,JA1803318,A1036,2112
2018/1/9,JA1803407,A0815,2200
2018/1/9,JA1801026,A1420,2772
2018/1/9,JA1807309,A1384,110
2018/1/9,JA1803640,A0786,550
2018/1/9,JA1805230,A0545,1072
2018/1/9,JA1805276,A1150,1320
2018/1/9,JA1802853,A1341,704
2018/1/9,JA1800955,A0892,2376
2018/1/9,JA1803112,A0878,880
2018/1/9,JA1804637,A0993,4200
2018/1/9,JA1808813,A0799,3168
2018/1/9,JA1807457,A0696,3216
2018/1/9,JA1803796,A1285,2772
2018/1/9,JA1806408,A0949,3216
2018/1/9,JA1804227,A1282,6432
2018/1/9,JA1806323,A0350,792
2018/1/9,JA1809376,A1357,1760
2018/1/9,JA1803418,A1197,3216
2018/1/9,JA1804860,A1313,1584
2018/1/9,JA1803814,A0826,792
2018/1/9,JA1801067,A1390,3960
2018/1/9,JA1802023,A1419,2144
2018/1/9,JA1806649,A1095,4900
2018/1/9,JA1804477,A0473,3500
2018/1/9,JA1809237,A1236,13200
2018/1/9,JA1804523,A1316,1100
2018/1/9,JA1806432,A0517,3752
2018/1/9,JA1805677,A1058,88
2018/1/9,JA1801827,A1306,704
2018/1/9,JA1801343,A0552,12600
2018/1/10,JA1806428,A0365,1056
2018/1/10,JA1807928,A1195,2772
2018/1/10,JA1808857,A1018,5360
2018/1/10,JA1804648,A0380,1072
2018/1/10,JA1800044,A0660,2200
2018/1/10,JA1800914,A0661,1980
2018/1/10,JA1805921,A0525,1320
2018/1/10,JA1801939,A1308,1584
2018/1/10,JA1808213,A0616,9504
2018/1/10,JA1808727,A1323,1980
2018/1/10,JA1808195,A1362,3960
2018/1/10,JA1805150,A1348,1540
2018/1/10,JA1805490,A0754,792
2018/1/10,JA1802486,A1313,2144
2018/1/10,JA1805449,A1030,3960
2018/1/10,JA1801131,A0880,32160
2018/1/10,JA1807901,A1056,8400
2018/1/10,JA1806357,A0350,1980
2018/1/10,JA1800368,A0903,2376
2018/1/10,JA1805113,A0576,880
2018/1/10,JA1806351,A1255,352
2018/1/10,JA1805553,A0819,1056
2018/1/10,JA1807257,A0438,1400
2018/1/10,JA1806519,A0616,1056
2018/1/10,JA1802359,A0982,352
2018/1/10,JA1801941,A1255,1056
2018/1/10,JA1801003,A0422,440
2018/1/10,JA1800749,A0887,1100
2018/1/10,JA1804762,A1068,1750
2018/1/10,JA1806049,A0369,880
2018/1/10,JA1803890,A0771,1584
2018/1/10,JA1804311,A1353,9648
2018/1/10,JA1801049,A1225,2640
2018/1/10,JA1800347,A0890,2200
2018/1/10,JA1808491,A1103,3752
2018/1/10,JA1802616,A1167,704
2018/1/10,JA1803005,A0952,1750
2018/1/10,JA1803462,A0432,550
2018/1/10,JA1804255,A1167,990
2018/1/11,JA1805015,A1350,880
2018/1/11,JA1805969,A1242,990
2018/1/11,JA1805696,A1408,1056
2018/1/11,JA1804936,A0432,2640
2018/1/11,JA1807957,A1271,2200
2018/1/11,JA1801031,A0660,8800
2018/1/11,JA1805252,A0890,440
2018/1/11,JA1807358,A0756,3960
2018/1/11,JA1806829,A1073,3500
2018/1/11,JA1806559,A0372,1100
2018/1/11,JA1803712,A1276,550
2018/1/11,JA1808024,A1357,1056
2018/1/11,JA1803899,A0414,440
2018/1/11,JA1806632,A0607,1760
2018/1/11,JA1801308,A0387,1072
2018/1/11,JA1807392,A0760,3960
2018/1/11,JA1800453,A0930,2640
2018/1/11,JA1802160,A0670,1320
2018/1/11,JA1806697,A0641,5280
2018/1/11,JA1801168,A0880,1340
2018/1/11,JA1803505,A1163,1540
2018/1/11,JA1800247,A0519,704
2018/1/11,JA1801951,A0953,536
2018/1/11,JA1805096,A0369,1540
2018/1/11,JA1800094,A0690,1760
2018/1/11,JA1800954,A0380,7000
2018/1/11,JA1802859,A0747,110
2018/1/11,JA1808226,A0952,1760
2018/1/11,JA1807812,A0853,3960
2018/1/11,JA1800677,A1232,6600
2018/1/11,JA1800563,A0629,1980
2018/1/11,JA1801380,A0741,1232
2018/1/11,JA1805623,A1030,2680
2018/1/11,JA1802736,A1124,2680
2018/1/11,JA1801948,A1054,1232
2018/1/11,JA1807136,A0399,1056
2018/1/12,JA1802998,A1009,1232
2018/1/12,JA1809230,A1349,2376
2018/1/12,JA1806247,A1161,1100
2018/1/12,JA1806964,A1240,7000
2018/1/12,JA1801479,A0713,990
2018/1/12,JA1800829,A0581,176
2018/1/12,JA1807832,A0421,1340
2018/1/12,JA1801779,A1206,440
2018/1/12,JA1802094,A0918,352
2018/1/12,JA1807771,A1060,2200
2018/1/12,JA1805851,A0552,1760
2018/1/12,JA1800258,A1370,990
2018/1/12,JA1801110,A0375,550
2018/1/12,JA1809241,A0519,2772
2018/1/12,JA1800380,A1285,1760
2018/1/12,JA1807864,A1003,1232
2018/1/12,JA1802900,A1202,1100
2018/1/12,JA1803749,A0852,4200
2018/1/12,JA1802975,A1420,990
2018/1/12,JA1808645,A0907,3216
2018/1/12,JA1807926,A1161,2200
2018/1/12,JA1800105,A1103,2112
2018/1/12,JA1801950,A1260,2200
2018/1/12,JA1808270,A1307,1056
2018/1/12,JA1805974,A0471,440
2018/1/12,JA1801449,A0655,8800
2018/1/12,JA1808517,A1035,550
2018/1/12,JA1801007,A0953,19800
2018/1/12,JA1808073,A0716,2772
2018/1/12,JA1803149,A0764,1760
2018/1/12,JA1807016,A1137,704
2018/1/12,JA1800608,A0942,2144
2018/1/12,JA1804925,A0686,440
2018/1/12,JA1806382,A0952,1584
2018/1/12,JA1801411,A1007,13200
2018/1/12,JA1806146,A1197,704
2018/1/12,JA1804189,A1076,1750
2018/1/12,JA1802800,A1337,1980
2018/1/15,JA1802258,A0778,1320
2018/1/15,JA1806170,A0407,11000
2018/1/15,JA1801457,A0626,2680
2018/1/15,JA1801312,A0665,1072
2018/1/15,JA1804562,A0796,2376
2018/1/15,JA1808841,A0371,1232
2018/1/15,JA1801533,A0741,5280
2018/1/15,JA1806963,A0921,2640
2018/1/15,JA1806725,A0659,1056
2018/1/15,JA1800740,A1278,110
2018/1/15,JA1804508,A0992,3752
2018/1/15,JA1804575,A0679,440
2018/1/15,JA1800200,A0422,3216
2018/1/15,JA1801842,A0945,1320
2018/1/15,JA1803351,A0513,2144
2018/1/15,JA1808889,A0781,2376
2018/1/15,JA1801568,A0512,3216
2018/1/15,JA1800081,A1092,440
2018/1/15,JA1803771,A1277,440
2018/1/15,JA1800938,A0887,352
2018/1/15,JA1806239,A1162,3960
2018/1/15,JA1808186,A1358,4200
2018/1/15,JA1807355,A0403,9648
2018/1/15,JA1807320,A0907,3752
2018/1/15,JA1807167,A0771,1584
2018/1/15,JA1803195,A0444,11000
2018/1/15,JA1802949,A0754,2200
2018/1/15,JA1803901,A0761,5360
2018/1/15,JA1806098,A1226,2800
2018/1/16,JA1808396,A0807,1400
2018/1/16,JA1805638,A1014,792
2018/1/16,JA1809058,A0945,1100
2018/1/16,JA1800797,A0987,990
2018/1/16,JA1805554,A1314,704
2018/1/16,JA1802846,A0654,880
2018/1/16,JA1808800,A0986,352
2018/1/16,JA1807541,A1127,3960
2018/1/16,JA1804127,A0718,4200
2018/1/16,JA1803390,A1139,4200
2018/1/16,JA1801256,A1137,1232
2018/1/16,JA1808288,A0881,1320
2018/1/16,JA1808946,A0463,1072
2018/1/16,JA1808581,A0471,7128
2018/1/16,JA1802200,A1067,352
2018/1/16,JA1807616,A0716,1400
2018/1/16,JA1806704,A0746,440
2018/1/16,JA1802721,A1163,352
2018/1/16,JA1804822,A0412,792
2018/1/16,JA1804587,A0693,4200
2018/1/16,JA1802887,A0988,7128
2018/1/16,JA1800646,A1101,2680
2018/1/16,JA1804914,A0414,5280
2018/1/16,JA1807268,A0670,4200
2018/1/16,JA1804234,A0754,1400
2018/1/16,JA1806107,A0890,1056
2018/1/16,JA1805626,A0528,9648
2018/1/16,JA1800640,A1410,3216
2018/1/16,JA1808355,A0462,8400
2018/1/16,JA1802694,A0743,1072
2018/1/16,JA1804106,A0495,792
2018/1/16,JA1805720,A0377,6432
2018/1/16,JA1800335,A0720,1340
2018/1/16,JA1807621,A0941,880
2018/1/16,JA1800330,A0967,1072
2018/1/16,JA1805798,A0528,1100
2018/1/16,JA1805004,A0382,440
2018/1/16,JA1805162,A0771,550
2018/1/17,JA1806334,A1363,3216
2018/1/17,JA1803668,A1060,1056
2018/1/17,JA1809332,A0879,2680
2018/1/17,JA1801444,A1003,880
2018/1/17,JA1807378,A0627,1320
2018/1/17,JA1809286,A0380,1056
2018/1/17,JA1801155,A0629,1760
2018/1/17,JA1800980,A0466,2640
2018/1/17,JA1801083,A0356,440
2018/1/17,JA1807178,A1115,1320
2018/1/17,JA1805141,A1314,2112
2018/1/17,JA1807861,A0929,12864
2018/1/17,JA1806561,A0982,9648
2018/1/17,JA1806542,A1286,1980
2018/1/17,JA1800755,A1050,4200
2018/1/17,JA1801103,A0506,2200
2018/1/17,JA1800704,A0963,550
2018/1/17,JA1802283,A1110,5360
2018/1/17,JA1806073,A1416,2376
2018/1/17,JA1806108,A0464,440
2018/1/17,JA1803450,A1406,1100
2018/1/17,JA1803501,A0452,8400
2018/1/17,JA1800895,A0720,2112
2018/1/17,JA1803111,A0547,176
2018/1/17,JA1807794,A1215,1400
2018/1/17,JA1806406,A1095,1760
2018/1/17,JA1807888,A1212,2376
2018/1/17,JA1800840,A0815,3168
2018/1/17,JA1804346,A0355,1056
2018/1/17,JA1809257,A1388,1072
2018/1/17,JA1806985,A0927,2112
2018/1/17,JA1802031,A0422,2200
2018/1/17,JA1802663,A0701,440
2018/1/17,JA1808143,A1142,2144
2018/1/18,JA1807475,A0505,1584
2018/1/18,JA1804103,A0665,2112
2018/1/18,JA1802441,A1367,2640
2018/1/18,JA1808943,A1229,12864
2018/1/18,JA1800116,A0806,440
2018/1/18,JA1806883,A0963,1760
2018/1/18,JA1803788,A1167,3168
2018/1/18,JA1800259,A0861,5280
2018/1/18,JA1806151,A0375,2144
2018/1/18,JA1801802,A0607,1072
2018/1/18,JA1800627,A0353,3960
2018/1/18,JA1802075,A0944,1320
2018/1/18,JA1804018,A0853,1760
2018/1/18,JA1805779,A1064,2144
2018/1/18,JA1805679,A0616,4200
2018/1/18,JA1803387,A1133,1540
2018/1/18,JA1808957,A0760,792
2018/1/18,JA1807131,A1226,704
2018/1/18,JA1807255,A1240,3168
2018/1/18,JA1803589,A1079,352
2018/1/18,JA1807505,A0916,1760
2018/1/18,JA1804096,A1204,1056
2018/1/18,JA1809005,A0587,2376
2018/1/18,JA1804406,A0946,990
2018/1/18,JA1804600,A0811,352
2018/1/18,JA1807993,A1202,352
2018/1/18,JA1806932,A0636,2144
2018/1/18,JA1800107,A0420,2200
2018/1/18,JA1801467,A1055,6432
2018/1/18,JA1807884,A0422,1056
2018/1/18,JA1801833,A0419,2376
2018/1/19,JA1809316,A0494,1056
2018/1/19,JA1807111,A0731,19800
2018/1/19,JA1808430,A0681,2376
2018/1/19,JA1803473,A1083,1760
2018/1/19,JA1803782,A1241,2772
2018/1/19,JA1800064,A0913,880
2018/1/19,JA1800172,A0837,2200
2018/1/19,JA1801212,A0401,792
2018/1/19,JA1805371,A1120,6600
2018/1/19,JA1804825,A0944,5360
2018/1/19,JA1808175,A1343,704
2018/1/19,JA1802830,A1101,792
2018/1/19,JA1805550,A0897,440
2018/1/19,JA1809268,A1305,8800
2018/1/19,JA1800379,A0930,550
2018/1/19,JA1807193,A1054,12600
2018/1/19,JA1802756,A0798,176
2018/1/19,JA1805376,A1334,880
2018/1/19,JA1807292,A0942,6432
2018/1/19,JA1801889,A0472,1232
2018/1/19,JA1804075,A1062,6432
2018/1/19,JA1808781,A1357,2772
2018/1/19,JA1805746,A1089,35000
2018/1/19,JA1809127,A0357,792
2018/1/19,JA1806078,A0389,5360
2018/1/19,JA1805083,A0813,1760
2018/1/19,JA1807932,A1015,2200
2018/1/19,JA1808626,A0504,3752
2018/1/19,JA1808079,A1319,990
2018/1/19,JA1803616,A1036,1540
2018/1/22,JA1804582,A0494,3752
2018/1/22,JA1808012,A1305,2112
2018/1/22,JA1805675,A1056,550
2018/1/22,JA1805022,A1412,352
2018/1/22,JA1808706,A0586,1320
2018/1/22,JA1800115,A1244,19800
2018/1/22,JA1804636,A1078,26800
2018/1/22,JA1801017,A0954,2144
2018/1/22,JA1805946,A0395,2144
2018/1/22,JA1804678,A0368,550
2018/1/22,JA1808810,A0546,1340
2018/1/22,JA1807586,A0550,440
2018/1/22,JA1806862,A0581,1340
2018/1/22,JA1800117,A1017,176
2018/1/22,JA1804785,A0783,1100
2018/1/22,JA1804766,A1309,5360
2018/1/22,JA1804174,A1172,16800
2018/1/22,JA1806166,A0928,35000
2018/1/22,JA1805358,A1285,2376
2018/1/22,JA1804078,A0659,396
2018/1/22,JA1803394,A0655,1400
2018/1/22,JA1801065,A1274,2680
2018/1/22,JA1801560,A1388,220
2018/1/22,JA1807728,A1163,3168
2018/1/22,JA1805930,A1103,2772
2018/1/22,JA1808056,A0988,4900
2018/1/22,JA1804358,A1181,880
2018/1/22,JA1802494,A0497,352
2018/1/22,JA1808674,A1278,1232
2018/1/22,JA1808994,A1232,2800
2018/1/22,JA1802796,A1381,3216
2018/1/22,JA1806474,A0927,1056
2018/1/22,JA1804817,A1285,4900
2018/1/22,JA1804402,A1265,396
2018/1/22,JA1802057,A0412,7128
2018/1/22,JA1806328,A0415,396
2018/1/22,JA1800961,A1064,2772
2018/1/22,JA1807342,A0990,3216
2018/1/22,JA1802274,A0744,792
2018/1/22,JA1807151,A1360,176
2018/1/22,JA1801096,A0506,880
2018/1/22,JA1804782,A0412,2772
2018/1/22,JA1805405,A1332,2680
2018/1/22,JA1803478,A0429,1100
2018/1/23,JA1801118,A1361,1056
2018/1/23,JA1803244,A0864,440
2018/1/23,JA1808871,A0870,440
2018/1/23,JA1806839,A0611,4900
2018/1/23,JA1807118,A1078,21000
2018/1/23,JA1807727,A1044,1584
2018/1/23,JA1804987,A0411,3960
2018/1/23,JA1808190,A1316,1584
2018/1/23,JA1801853,A0862,1540
2018/1/23,JA1806430,A0915,1232
2018/1/23,JA1804784,A0379,792
2018/1/23,JA1804828,A0478,352
2018/1/23,JA1801992,A0666,3960
2018/1/23,JA1801644,A0940,2680
2018/1/23,JA1804473,A0433,1540
2018/1/23,JA1806909,A0799,8400
2018/1/23,JA1808054,A1137,32160
2018/1/23,JA1802081,A0821,4200
2018/1/23,JA1804336,A0643,6600
2018/1/23,JA1800764,A0427,2376
2018/1/23,JA1800940,A0422,1056
2018/1/23,JA1803093,A1161,352
2018/1/23,JA1803636,A0513,1400
2018/1/23,JA1800651,A1036,2112
2018/1/23,JA1800714,A1278,990
2018/1/23,JA1804356,A0890,880
2018/1/23,JA1805580,A0559,4752
2018/1/23,JA1809271,A0906,2800
2018/1/23,JA1806431,A0816,3960
2018/1/23,JA1806358,A0633,2772
2018/1/23,JA1801834,A1002,352
2018/1/23,JA1804410,A0505,4752
2018/1/23,JA1802808,A0589,3216
2018/1/23,JA1807210,A0903,880
2018/1/23,JA1800305,A0890,440
2018/1/23,JA1806540,A0529,8400
2018/1/23,JA1803732,A0907,880
2018/1/23,JA1809358,A1370,440
2018/1/23,JA1804666,A1408,1232
2018/1/23,JA1806065,A1167,440
2018/1/23,JA1802631,A1116,2800
2018/1/23,JA1808862,A0713,1072
2018/1/23,JA1802500,A0977,2112
2018/1/23,JA1802931,A1282,2144
2018/1/23,JA1804393,A1333,88
2018/1/23,JA1801620,A0906,440
2018/1/23,JA1801438,A0385,704
2018/1/24,JA1805178,A0928,440
2018/1/24,JA1806814,A0375,1760
2018/1/24,JA1808487,A0496,352
2018/1/24,JA1802340,A0357,440
2018/1/24,JA1806443,A0690,2144
2018/1/24,JA1802323,A1169,1340
2018/1/24,JA1805842,A0593,3216
2018/1/24,JA1802035,A0511,2112
2018/1/24,JA1802903,A0609,550
2018/1/24,JA1800513,A1186,26800
2018/1/24,JA1804125,A0967,7000
2018/1/24,JA1808490,A0970,990
2018/1/24,JA1808950,A1202,8400
2018/1/24,JA1802718,A0763,704
2018/1/24,JA1802997,A1305,11000
2018/1/24,JA1808432,A0506,990
2018/1/24,JA1809343,A1353,8800
2018/1/24,JA1801487,A0802,1400
2018/1/24,JA1801632,A1064,5360
2018/1/24,JA1808732,A0557,704
2018/1/24,JA1801248,A0961,1320
2018/1/24,JA1803627,A0452,3500
2018/1/24,JA1801347,A0754,220
2018/1/24,JA1802327,A0963,4200
2018/1/24,JA1803361,A0517,2144
2018/1/24,JA1805577,A0615,4752
2018/1/24,JA1806718,A0431,2376
2018/1/24,JA1800113,A0884,440
2018/1/24,JA1803703,A0771,8800
2018/1/25,JA1801260,A0890,4200
2018/1/25,JA1808535,A0760,1540
2018/1/25,JA1801794,A0515,1072
2018/1/25,JA1802188,A0369,3752
2018/1/25,JA1804973,A1160,1540
2018/1/25,JA1808996,A0407,4752
2018/1/25,JA1807911,A0741,1320
2018/1/25,JA1806468,A0363,1056
2018/1/25,JA1806183,A1035,440
2018/1/25,JA1803762,A1277,1320
2018/1/25,JA1809300,A0799,792
2018/1/25,JA1808137,A1035,792
2018/1/25,JA1803055,A1270,2680
2018/1/25,JA1803131,A0997,880
2018/1/25,JA1806663,A0919,2112
2018/1/25,JA1800357,A0997,3960
2018/1/25,JA1804816,A0583,1320
2018/1/25,JA1809266,A1305,440
2018/1/25,JA1800214,A1202,700
2018/1/25,JA1806308,A1142,1584
2018/1/25,JA1808257,A0693,792
2018/1/25,JA1808941,A1092,1072
2018/1/25,JA1807871,A1320,12864
2018/1/25,JA1800034,A1408,550
2018/1/25,JA1802922,A0708,1232
2018/1/25,JA1803401,A1412,1072
2018/1/25,JA1804553,A1050,990
2018/1/25,JA1807171,A0988,7000
2018/1/25,JA1802079,A0708,1584
2018/1/25,JA1807186,A1363,2772
2018/1/25,JA1803033,A1162,1760
2018/1/25,JA1805890,A1197,2200
2018/1/25,JA1805285,A0616,2376
2018/1/25,JA1809212,A0853,352
2018/1/25,JA1808673,A1162,1232
2018/1/25,JA1808622,A0830,220
2018/1/25,JA1804159,A0414,2640
2018/1/26,JA1805570,A1242,7000
2018/1/26,JA1806373,A1331,1100
2018/1/26,JA1803342,A0403,880
2018/1/26,JA1803829,A0743,440
2018/1/26,JA1802311,A1100,5360
2018/1/26,JA1806216,A0923,440
2018/1/26,JA1801799,A1118,5280
2018/1/26,JA1802774,A0915,1232
2018/1/26,JA1805643,A0709,3216
2018/1/26,JA1806448,A0726,1980
2018/1/26,JA1800759,A1068,3216
2018/1/26,JA1801763,A0412,1072
2018/1/26,JA1808301,A1415,10560
2018/1/26,JA1806991,A0630,1760
2018/1/26,JA1808225,A1225,2144
2018/1/26,JA1802054,A0415,7000
2018/1/26,JA1806801,A1178,2376
2018/1/26,JA1804355,A1257,2680
2018/1/26,JA1804686,A0990,440
2018/1/26,JA1807644,A0953,440
2018/1/26,JA1803619,A0799,2112
2018/1/26,JA1808097,A0506,880
2018/1/26,JA1802193,A0422,1232
2018/1/26,JA1808651,A0514,8400
2018/1/26,JA1800629,A0629,4200
2018/1/26,JA1804267,A1101,1072
2018/1/26,JA1805431,A0819,880
2018/1/26,JA1808897,A1403,1232
2018/1/26,JA1800097,A0806,2112
2018/1/26,JA1807755,A0575,704
2018/1/26,JA1803991,A0459,1056
2018/1/26,JA1803378,A0497,1100
2018/1/26,JA1804617,A0679,3216
2018/1/26,JA1800457,A0704,4200
2018/1/26,JA1800407,A1230,550
2018/1/29,JA1806207,A1302,2112
2018/1/29,JA1806690,A1260,1760
2018/1/29,JA1805882,A0764,3960
2018/1/29,JA1804487,A0932,8800
2018/1/29,JA1802523,A0615,5360
2018/1/29,JA1807116,A1210,2112
2018/1/29,JA1801840,A0782,3960
2018/1/29,JA1808625,A1382,1750
2018/1/29,JA1800496,A0764,792
2018/1/29,JA1804679,A0529,2144
2018/1/29,JA1802614,A0744,880
2018/1/29,JA1800230,A0905,7000
2018/1/29,JA1803904,A0377,1584
2018/1/29,JA1802737,A0507,5360
2018/1/29,JA1802151,A1133,1584
2018/1/29,JA1800664,A1329,4752
2018/1/29,JA1805565,A0670,2200
2018/1/29,JA1805448,A1208,352
2018/1/29,JA1802438,A0869,1750
2018/1/29,JA1801084,A0835,2376
2018/1/29,JA1806246,A0890,990
2018/1/29,JA1808791,A0720,1232
2018/1/29,JA1807807,A1332,2144
2018/1/29,JA1808025,A0781,2200
2018/1/29,JA1801821,A1420,220
2018/1/29,JA1802582,A0369,2680
2018/1/29,JA1806823,A0552,1760
2018/1/29,JA1806824,A0515,7128
2018/1/29,JA1808855,A1236,1320
2018/1/29,JA1800600,A0385,1056
2018/1/29,JA1805171,A0510,9504
2018/1/29,JA1808829,A1334,1056
2018/1/29,JA1804044,A0819,12600
2018/1/29,JA1807527,A0607,1760
2018/1/29,JA1808029,A0350,352
2018/1/29,JA1801296,A1055,8400
2018/1/29,JA1800969,A0704,440
2018/1/30,JA1800503,A0886,440
2018/1/30,JA1800660,A0708,3216
2018/1/30,JA1800508,A0548,2680
2018/1/30,JA1804938,A0659,1056
2018/1/30,JA1806574,A0429,3752
2018/1/30,JA1806270,A1167,396
2018/1/30,JA1805507,A1118,1100
2018/1/30,JA1805622,A0544,1760
2018/1/30,JA1802218,A1047,1980
2018/1/30,JA1805873,A1186,352
2018/1/30,JA1807336,A0640,176
2018/1/30,JA1802138,A0906,3960
2018/1/30,JA1808013,A0952,11000
2018/1/30,JA1803552,A0879,11000
2018/1/30,JA1805161,A0907,3216
2018/1/30,JA1805795,A0352,3960
2018/1/30,JA1807274,A1216,990
2018/1/30,JA1808264,A1056,1540
2018/1/30,JA1808358,A0997,792
2018/1/30,JA1806093,A1408,4200
2018/1/30,JA1805990,A0987,88
2018/1/30,JA1802822,A1343,792
2018/1/30,JA1802965,A0990,2144
2018/1/30,JA1801275,A1319,440
2018/1/30,JA1805939,A0747,880
2018/1/30,JA1802381,A1120,2800
2018/1/30,JA1808997,A1130,990
2018/1/30,JA1805221,A0657,352
2018/1/30,JA1808483,A0919,3216
2018/1/30,JA1801538,A1130,990
2018/1/30,JA1804518,A1353,3168
2018/1/30,JA1802597,A1319,8800
2018/1/30,JA1805502,A0583,440
2018/1/30,JA1801267,A1187,2640
2018/1/30,JA1800244,A0880,5280
2018/1/30,JA1802389,A1370,1072
2018/1/30,JA1803518,A1270,990
2018/1/31,JA1806225,A1223,1320
2018/1/31,JA1804257,A1002,2376
2018/1/31,JA1800999,A1050,7000
2018/1/31,JA1805689,A1341,1232
2018/1/31,JA1808266,A0722,2112
2018/1/31,JA1803611,A0640,1760
2018/1/31,JA1807175,A0566,3216
2018/1/31,JA1803026,A0819,1072
2018/1/31,JA1807611,A1089,440
2018/1/31,JA1800001,A1332,1980
2018/1/31,JA1808945,A1101,4900
2018/1/31,JA1803870,A0749,2376
2018/1/31,JA1806645,A1058,11000
2018/1/31,JA1801241,A0945,8400
2018/1/31,JA1806711,A1050,1980
2018/1/31,JA1805075,A1225,2144
2018/1/31,JA1800769,A0893,792
2018/1/31,JA1802314,A0463,704
2018/1/31,JA1801557,A1009,2800
2018/1/31,JA1809046,A1292,2772
2018/1/31,JA1800887,A1124,8400
2018/1/31,JA1805277,A1345,2376
2018/1/31,JA1800193,A1064,6600
2018/1/31,JA1801714,A0452,1072
2018/1/31,JA1807857,A0436,1232
2018/1/31,JA1803910,A1167,550
2018/1/31,JA1803603,A0690,440
2018/1/31,JA1808214,A0454,1980
2018/1/31,JA1808281,A1372,11000
2018/1/31,JA1802382,A0934,1540
2018/1/31,JA1801106,A0655,2640
2018/2/1,FE1800055,A1093,4200
2018/2/1,FE1808394,A0895,7000
2018/2/1,FE1804797,A0574,704
2018/2/1,FE1807978,A0992,1400
2018/2/1,FE1805705,A1124,1320
2018/2/1,FE1805673,A0423,2772
2018/2/1,FE1803921,A0510,1760
2018/2/1,FE1804341,A1059,440
2018/2/1,FE1800070,A1308,1232
2018/2/1,FE1805828,A1030,3216
2018/2/1,FE1804045,A1346,16800
2018/2/1,FE1804545,A0629,1584
2018/2/1,FE1804239,A0949,4900
2018/2/1,FE1806111,A0463,880
2018/2/1,FE1808773,A0643,1056
2018/2/1,FE1803377,A0377,2640
2018/2/1,FE1800817,A0852,4752
2018/2/1,FE1800885,A0512,1584
2018/2/1,FE1802637,A0670,440
2018/2/1,FE1808167,A0387,2772
2018/2/1,FE1804525,A0557,550
2018/2/1,FE1809168,A1388,1584
2018/2/1,FE1807834,A0519,1072
2018/2/1,FE1801995,A0905,4200
2018/2/1,FE1807819,A1225,12864
2018/2/1,FE1801051,A0905,2680
2018/2/1,FE1803949,A0792,5360
2018/2/1,FE1806437,A0852,2376
2018/2/1,FE1805734,A1003,1100
2018/2/1,FE1806090,A1103,176
2018/2/1,FE1806878,A0949,2200
2018/2/1,FE1803119,A0783,2144
2018/2/1,FE1806415,A0915,1760
2018/2/1,FE1802399,A1362,990
2018/2/1,FE1809214,A1202,8800
2018/2/1,FE1804584,A0853,990
2018/2/1,FE1809150,A1334,1100
2018/2/1,FE1808776,A1413,2772
2018/2/1,FE1801210,A0665,2640
2018/2/2,FE1806511,A1162,4752
2018/2/2,FE1800762,A0665,4900
2018/2/2,FE1808989,A1085,2376
2018/2/2,FE1806774,A0975,2200
2018/2/2,FE1807391,A1138,880
2018/2/2,FE1805891,A1038,1100
2018/2/2,FE1803386,A0454,7128
2018/2/2,FE1801294,A1137,3500
2018/2/2,FE1805901,A0922,4752
2018/2/2,FE1806661,A0515,4200
2018/2/2,FE1801393,A1204,4900
2018/2/2,FE1801010,A0749,1232
2018/2/2,FE1800791,A0513,1072
2018/2/2,FE1806426,A1367,440
2018/2/2,FE1801612,A1257,6600
2018/2/2,FE1803493,A0657,704
2018/2/2,FE1807058,A0816,550
2018/2/2,FE1809273,A0830,536
2018/2/2,FE1808650,A1202,550
2018/2/2,FE1806760,A1159,1584
2018/2/2,FE1802723,A0937,3500
2018/2/2,FE1807172,A0799,4900
2018/2/2,FE1807290,A0387,440
2018/2/2,FE1800040,A1232,1750
2018/2/2,FE1808909,A0754,35000
2018/2/2,FE1803223,A0862,11000
2018/2/2,FE1801300,A1225,440
2018/2/2,FE1800737,A1058,990
2018/2/2,FE1800456,A0582,704
2018/2/2,FE1807545,A0380,1232
2018/2/2,FE1806971,A0415,1100
2018/2/2,FE1805560,A0754,1056
2018/2/2,FE1808379,A1146,4200
2018/2/2,FE1806859,A0495,2376
2018/2/2,FE1808146,A0693,2376
2018/2/2,FE1806480,A0743,352
2018/2/2,FE1804554,A0472,1320
2018/2/2,FE1804949,A0789,176
2018/2/2,FE1807234,A1134,5360
2018/2/2,FE1800414,A0355,2772
2018/2/2,FE1801371,A0503,2376
2018/2/2,FE1809152,A1020,2376
2018/2/5,FE1804589,A0411,1980
2018/2/5,FE1801942,A0534,880
2018/2/5,FE1805268,A1202,1540
2018/2/5,FE1806452,A0458,352
2018/2/5,FE1800434,A1332,1980
2018/2/5,FE1805511,A0930,2144
2018/2/5,FE1806641,A0837,3216
2018/2/5,FE1809184,A1182,1232
2018/2/5,FE1806470,A1132,2680
2018/2/5,FE1802238,A1123,880
2018/2/5,FE1803207,A0732,536
2018/2/5,FE1808621,A1059,1540
2018/2/5,FE1805309,A0406,268
2018/2/5,FE1804572,A0643,880
2018/2/5,FE1806832,A0512,440
2018/2/5,FE1800910,A1169,2640
2018/2/5,FE1807298,A0377,35000
2018/2/5,FE1807766,A0576,1584
2018/2/5,FE1805296,A0681,990
2018/2/5,FE1808438,A1225,1320
2018/2/5,FE1803371,A0352,1584
2018/2/5,FE1805472,A1237,32160
2018/2/5,FE1802590,A1313,3960
2018/2/5,FE1808139,A0574,440
2018/2/5,FE1806670,A0419,4200
2018/2/5,FE1803503,A1110,792
2018/2/5,FE1803804,A1403,3960
2018/2/5,FE1802264,A0641,2772
2018/2/5,FE1800002,A0382,198
2018/2/5,FE1802725,A1387,1232
2018/2/5,FE1802480,A1311,1320
2018/2/5,FE1809278,A0930,11000
2018/2/5,FE1808566,A0505,4752
2018/2/5,FE1800715,A1239,440
2018/2/5,FE1801426,A0995,880
2018/2/5,FE1808194,A1230,176
2018/2/5,FE1801766,A0946,1100
2018/2/5,FE1807368,A1202,1056
2018/2/6,FE1803976,A1191,3216
2018/2/6,FE1800597,A1113,880
2018/2/6,FE1807996,A0665,352
2018/2/6,FE1809043,A0531,2772
2018/2/6,FE1803653,A0859,704
2018/2/6,FE1805366,A1170,880
2018/2/6,FE1800319,A0954,2772
2018/2/6,FE1803158,A1191,2800
2018/2/6,FE1808905,A0822,1056
2018/2/6,FE1801081,A1402,2112
2018/2/6,FE1801719,A0867,3216
2018/2/6,FE1801608,A0987,2376
2018/2/6,FE1801109,A0931,6432
2018/2/6,FE1804497,A1089,2800
2018/2/6,FE1804191,A0657,1320
2018/2/6,FE1804264,A1035,3960
2018/2/6,FE1802044,A1270,12600
2018/2/6,FE1807329,A0931,1320
2018/2/6,FE1800329,A0515,1072
2018/2/6,FE1804097,A1062,1760
2018/2/6,FE1808475,A0893,1540
2018/2/6,FE1802205,A1103,1100
2018/2/6,FE1807431,A1254,352
2018/2/6,FE1806342,A1129,1320
2018/2/6,FE1800358,A0881,2112
2018/2/6,FE1807080,A0412,3960
2018/2/6,FE1806585,A0629,1760
2018/2/6,FE1805065,A1232,1100
2018/2/6,FE1806945,A0845,3216
2018/2/6,FE1808664,A0800,550
2018/2/6,FE1800504,A1370,880
2018/2/6,FE1802287,A0513,7128
2018/2/6,FE1801673,A0472,198
2018/2/6,FE1806967,A1120,1340
2018/2/6,FE1800929,A1065,440
2018/2/6,FE1800228,A0534,16080
2018/2/6,FE1800217,A1178,3500
2018/2/7,FE1808687,A0372,26800
2018/2/7,FE1806899,A1183,1056
2018/2/7,FE1801351,A0640,2200
2018/2/7,FE1803070,A1133,440
2018/2/7,FE1806630,A1226,1584
2018/2/7,FE1803088,A0531,880
2018/2/7,FE1803081,A0417,1320
2018/2/7,FE1800377,A0454,792
2018/2/7,FE1800204,A0379,350
2018/2/7,FE1806007,A1063,880
2018/2/7,FE1808747,A0550,440
2018/2/7,FE1808883,A0996,2376
2018/2/7,FE1807460,A0917,1232
2018/2/7,FE1801843,A1169,1400
2018/2/7,FE1800177,A0548,1400
2018/2/7,FE1808001,A0542,2800
2018/2/7,FE1802288,A0655,990
2018/2/7,FE1800299,A0601,1056
2018/2/7,FE1807537,A0744,1340
2018/2/7,FE1800124,A1193,1056
2018/2/7,FE1807795,A1228,2112
2018/2/7,FE1804152,A0945,792
2018/2/7,FE1808805,A1116,704
2018/2/7,FE1805138,A1307,880
2018/2/7,FE1802555,A1257,2112
2018/2/7,FE1803867,A0880,1584
2018/2/7,FE1809029,A0471,1540
2018/2/7,FE1800118,A1265,2376
2018/2/7,FE1806567,A0992,8400
2018/2/7,FE1804182,A0506,1760
2018/2/7,FE1808833,A0419,792
2018/2/7,FE1807594,A0990,4200
2018/2/7,FE1804001,A0504,880
2018/2/7,FE1802919,A0519,5360
2018/2/7,FE1804077,A0530,440
2018/2/7,FE1805924,A0796,3752
2018/2/7,FE1806683,A1104,880
2018/2/7,FE1801461,A0466,1980
2018/2/7,FE1808915,A1160,1320
2018/2/7,FE1802532,A1128,2800
2018/2/7,FE1809047,A1240,440
2018/2/7,FE1802518,A0531,440
2018/2/8,FE1801875,A0837,2144
2018/2/8,FE1805335,A1142,440
2018/2/8,FE1808318,A0987,704
2018/2/8,FE1800076,A1178,1750
2018/2/8,FE1805047,A1102,198
2018/2/8,FE1804278,A0474,42000
2018/2/8,FE1800567,A0545,536
2018/2/8,FE1801349,A0901,7000
2018/2/8,FE1801382,A1106,1320
2018/2/8,FE1805561,A0443,5360
2018/2/8,FE1808404,A0934,198
2018/2/8,FE1803938,A0945,1232
2018/2/8,FE1806897,A1142,2112
2018/2/8,FE1806095,A0673,1056
2018/2/8,FE1802355,A0387,440
2018/2/8,FE1806677,A0773,990
2018/2/8,FE1800441,A0429,2144
2018/2/8,FE1804850,A0686,1072
2018/2/8,FE1803698,A0419,1400
2018/2/8,FE1806990,A0955,1340
2018/2/8,FE1806573,A0497,1072
2018/2/8,FE1801695,A1358,1400
2018/2/8,FE1808037,A0707,3216
2018/2/8,FE1808322,A0547,2772
2018/2/8,FE1808782,A0990,880
2018/2/8,FE1802055,A0883,1100
2018/2/8,FE1800771,A1412,198
2018/2/8,FE1801258,A1257,2772
2018/2/8,FE1809338,A0412,2200
2018/2/8,FE1807987,A0994,880
